<?xml version="1.0" encoding="UTF-8"?>
<module codename="org.netbeans.libs.felix">
    <module_version install_time="1349871553677" last="true" origin="installer" specification_version="2.3.1">
        <file crc="1327048437" name="config/Modules/org-netbeans-libs-felix.xml"/>
        <file crc="96787087" name="modules/ext/felix-4.0.2.jar"/>
        <file crc="218583109" name="modules/locale/org-netbeans-libs-felix_ja.jar"/>
        <file crc="4219572332" name="modules/locale/org-netbeans-libs-felix_pt_BR.jar"/>
        <file crc="967251442" name="modules/locale/org-netbeans-libs-felix_ru.jar"/>
        <file crc="4011959064" name="modules/locale/org-netbeans-libs-felix_zh_CN.jar"/>
        <file crc="3011818653" name="modules/org-netbeans-libs-felix.jar"/>
    </module_version>
</module>
