<?xml version="1.0" encoding="UTF-8"?>
<module codename="org.openide.execution">
    <module_version install_time="1349871472867" last="true" origin="installer" specification_version="1.27.1">
        <file crc="3133979221" name="config/ModuleAutoDeps/org-openide-execution.xml"/>
        <file crc="1899864534" name="config/Modules/org-openide-execution.xml"/>
        <file crc="3891924448" name="modules/locale/org-openide-execution_ja.jar"/>
        <file crc="3995693641" name="modules/locale/org-openide-execution_pt_BR.jar"/>
        <file crc="1536292477" name="modules/locale/org-openide-execution_ru.jar"/>
        <file crc="1269668614" name="modules/locale/org-openide-execution_zh_CN.jar"/>
        <file crc="164149996" name="modules/org-openide-execution.jar"/>
    </module_version>
</module>
