<?xml version="1.0" encoding="UTF-8"?>
<module codename="org.netbeans.core.io.ui/1">
    <module_version install_time="1349871556565" last="true" origin="installer" specification_version="1.16.1">
        <file crc="937424920" name="config/Modules/org-netbeans-core-io-ui.xml"/>
        <file crc="3162965496" name="modules/locale/org-netbeans-core-io-ui_ja.jar"/>
        <file crc="1483345130" name="modules/locale/org-netbeans-core-io-ui_pt_BR.jar"/>
        <file crc="2576979727" name="modules/locale/org-netbeans-core-io-ui_ru.jar"/>
        <file crc="714613848" name="modules/locale/org-netbeans-core-io-ui_zh_CN.jar"/>
        <file crc="992565003" name="modules/org-netbeans-core-io-ui.jar"/>
    </module_version>
</module>
