<?xml version="1.0" encoding="UTF-8"?>
<module codename="org.netbeans.modules.masterfs.solaris">
    <module_version install_time="1349871547906" last="true" origin="installer" specification_version="1.1.1">
        <file crc="124835977" name="config/Modules/org-netbeans-modules-masterfs-solaris.xml"/>
        <file crc="1752648797" name="modules/locale/org-netbeans-modules-masterfs-solaris_ja.jar"/>
        <file crc="677007556" name="modules/locale/org-netbeans-modules-masterfs-solaris_pt_BR.jar"/>
        <file crc="4089393994" name="modules/locale/org-netbeans-modules-masterfs-solaris_ru.jar"/>
        <file crc="3095577673" name="modules/locale/org-netbeans-modules-masterfs-solaris_zh_CN.jar"/>
        <file crc="4210888375" name="modules/org-netbeans-modules-masterfs-solaris.jar"/>
    </module_version>
</module>
