<?xml version="1.0" encoding="UTF-8"?>
<module codename="org.openide.awt">
    <module_version install_time="1349871555147" last="true" origin="installer" specification_version="7.46.1">
        <file crc="3208246121" name="config/Modules/org-openide-awt.xml"/>
        <file crc="4232633789" name="modules/locale/org-openide-awt_ja.jar"/>
        <file crc="1528271204" name="modules/locale/org-openide-awt_pt_BR.jar"/>
        <file crc="817246436" name="modules/locale/org-openide-awt_ru.jar"/>
        <file crc="1699228039" name="modules/locale/org-openide-awt_zh_CN.jar"/>
        <file crc="2271674956" name="modules/org-openide-awt.jar"/>
    </module_version>
</module>
