<?xml version="1.0" encoding="UTF-8"?>
<module codename="org.netbeans.modules.masterfs/2">
    <module_version install_time="1349871474379" last="true" origin="installer" specification_version="2.38.2">
        <file crc="1644917168" name="config/Modules/org-netbeans-modules-masterfs.xml"/>
        <file crc="2573228101" name="modules/locale/org-netbeans-modules-masterfs_ja.jar"/>
        <file crc="1631099730" name="modules/locale/org-netbeans-modules-masterfs_pt_BR.jar"/>
        <file crc="777054916" name="modules/locale/org-netbeans-modules-masterfs_ru.jar"/>
        <file crc="3533984662" name="modules/locale/org-netbeans-modules-masterfs_zh_CN.jar"/>
        <file crc="408763532" name="modules/org-netbeans-modules-masterfs.jar"/>
    </module_version>
</module>
