<?xml version="1.0" encoding="UTF-8"?>
<module codename="org.netbeans.swing.outline">
    <module_version install_time="1349871491953" last="true" origin="installer" specification_version="1.20.1">
        <file crc="3679534386" name="config/Modules/org-netbeans-swing-outline.xml"/>
        <file crc="2369866207" name="modules/locale/org-netbeans-swing-outline_ja.jar"/>
        <file crc="2718207799" name="modules/locale/org-netbeans-swing-outline_pt_BR.jar"/>
        <file crc="1172230704" name="modules/locale/org-netbeans-swing-outline_ru.jar"/>
        <file crc="3758697096" name="modules/locale/org-netbeans-swing-outline_zh_CN.jar"/>
        <file crc="2481818000" name="modules/org-netbeans-swing-outline.jar"/>
    </module_version>
</module>
