<?xml version="1.0" encoding="UTF-8"?>
<module codename="org.netbeans.api.annotations.common/1">
    <module_version install_time="1349871533121" last="true" origin="installer" specification_version="1.14.1">
        <file crc="1285559856" name="config/Modules/org-netbeans-api-annotations-common.xml"/>
        <file crc="203003620" name="modules/locale/org-netbeans-api-annotations-common_ja.jar"/>
        <file crc="584294968" name="modules/locale/org-netbeans-api-annotations-common_pt_BR.jar"/>
        <file crc="1434120665" name="modules/locale/org-netbeans-api-annotations-common_ru.jar"/>
        <file crc="2099052949" name="modules/locale/org-netbeans-api-annotations-common_zh_CN.jar"/>
        <file crc="3269542292" name="modules/org-netbeans-api-annotations-common.jar"/>
    </module_version>
</module>
