<?xml version="1.0" encoding="UTF-8"?>
<module codename="org.netbeans.core.osgi">
    <module_version install_time="1349871517304" last="true" origin="installer" specification_version="1.9.1">
        <file crc="4106410406" name="config/Modules/org-netbeans-core-osgi.xml"/>
        <file crc="963067879" name="modules/locale/org-netbeans-core-osgi_ja.jar"/>
        <file crc="1383328207" name="modules/locale/org-netbeans-core-osgi_pt_BR.jar"/>
        <file crc="2161307636" name="modules/locale/org-netbeans-core-osgi_ru.jar"/>
        <file crc="2817863233" name="modules/locale/org-netbeans-core-osgi_zh_CN.jar"/>
        <file crc="2607802875" name="modules/org-netbeans-core-osgi.jar"/>
    </module_version>
</module>
