<?xml version="1.0" encoding="UTF-8"?>
<module codename="org.netbeans.modules.keyring.impl">
    <module_version install_time="1349871526042" last="true" origin="installer" specification_version="1.7.1">
        <file crc="729697579" name="config/Modules/org-netbeans-modules-keyring-impl.xml"/>
        <file crc="71965761" name="modules/locale/org-netbeans-modules-keyring-impl_ja.jar"/>
        <file crc="549508336" name="modules/locale/org-netbeans-modules-keyring-impl_pt_BR.jar"/>
        <file crc="1584754676" name="modules/locale/org-netbeans-modules-keyring-impl_ru.jar"/>
        <file crc="3480511983" name="modules/locale/org-netbeans-modules-keyring-impl_zh_CN.jar"/>
        <file crc="1742933032" name="modules/org-netbeans-modules-keyring-impl.jar"/>
    </module_version>
</module>
