<?xml version="1.0" encoding="UTF-8"?>
<module codename="org.netbeans.core.windows/2">
    <module_version install_time="1349871468593" last="true" origin="installer" specification_version="2.49.3">
        <file crc="1059846727" name="config/Modules/org-netbeans-core-windows.xml"/>
        <file crc="3408972907" name="modules/locale/org-netbeans-core-windows_ja.jar"/>
        <file crc="2205594391" name="modules/locale/org-netbeans-core-windows_pt_BR.jar"/>
        <file crc="3977985944" name="modules/locale/org-netbeans-core-windows_ru.jar"/>
        <file crc="4152782061" name="modules/locale/org-netbeans-core-windows_zh_CN.jar"/>
        <file crc="3470225436" name="modules/org-netbeans-core-windows.jar"/>
    </module_version>
</module>
