<?xml version="1.0" encoding="UTF-8"?>
<module codename="org.netbeans.modules.sendopts/2">
    <module_version install_time="1349871509769" last="true" origin="installer" specification_version="2.22.1">
        <file crc="3090052921" name="config/Modules/org-netbeans-modules-sendopts.xml"/>
        <file crc="835677796" name="modules/locale/org-netbeans-modules-sendopts_ja.jar"/>
        <file crc="1891847508" name="modules/locale/org-netbeans-modules-sendopts_pt_BR.jar"/>
        <file crc="3039411100" name="modules/locale/org-netbeans-modules-sendopts_ru.jar"/>
        <file crc="2269547260" name="modules/locale/org-netbeans-modules-sendopts_zh_CN.jar"/>
        <file crc="2785641092" name="modules/org-netbeans-modules-sendopts.jar"/>
    </module_version>
</module>
