<?xml version="1.0" encoding="UTF-8"?>
<module codename="org.netbeans.swing.plaf">
    <module_version install_time="1349871540509" last="true" origin="installer" specification_version="1.25.1">
        <file crc="4198966476" name="config/Modules/org-netbeans-swing-plaf.xml"/>
        <file crc="2656628756" name="modules/locale/org-netbeans-swing-plaf_ja.jar"/>
        <file crc="1054265414" name="modules/locale/org-netbeans-swing-plaf_pt_BR.jar"/>
        <file crc="2079826933" name="modules/locale/org-netbeans-swing-plaf_ru.jar"/>
        <file crc="569473629" name="modules/locale/org-netbeans-swing-plaf_zh_CN.jar"/>
        <file crc="1324331595" name="modules/org-netbeans-swing-plaf.jar"/>
    </module_version>
</module>
