<?xml version="1.0" encoding="UTF-8"?>
<module codename="org.netbeans.core.multiview/1">
    <module_version install_time="1349871465581" last="true" origin="installer" specification_version="1.29.1">
        <file crc="3216778929" name="config/Modules/org-netbeans-core-multiview.xml"/>
        <file crc="292317121" name="modules/locale/org-netbeans-core-multiview_ja.jar"/>
        <file crc="2311416368" name="modules/locale/org-netbeans-core-multiview_pt_BR.jar"/>
        <file crc="2192229877" name="modules/locale/org-netbeans-core-multiview_ru.jar"/>
        <file crc="643941235" name="modules/locale/org-netbeans-core-multiview_zh_CN.jar"/>
        <file crc="1236474162" name="modules/org-netbeans-core-multiview.jar"/>
    </module_version>
</module>
