<?xml version="1.0" encoding="UTF-8"?>
<module codename="org.openide.text">
    <module_version install_time="1349871499443" last="true" origin="installer" specification_version="6.49.3">
        <file crc="2441864466" name="config/ModuleAutoDeps/org-openide-text.xml"/>
        <file crc="1795978028" name="config/Modules/org-openide-text.xml"/>
        <file crc="3694734445" name="modules/locale/org-openide-text_ja.jar"/>
        <file crc="836735300" name="modules/locale/org-openide-text_pt_BR.jar"/>
        <file crc="2607658351" name="modules/locale/org-openide-text_ru.jar"/>
        <file crc="1097198435" name="modules/locale/org-openide-text_zh_CN.jar"/>
        <file crc="4021702485" name="modules/org-openide-text.jar"/>
    </module_version>
</module>
