<?xml version="1.0" encoding="UTF-8"?>
<module codename="org.netbeans.modules.editor.mimelookup/1">
    <module_version install_time="1349871470028" last="true" origin="installer" specification_version="1.26.1">
        <file crc="244035803" name="config/Modules/org-netbeans-modules-editor-mimelookup.xml"/>
        <file crc="2700406659" name="modules/locale/org-netbeans-modules-editor-mimelookup_ja.jar"/>
        <file crc="3686541816" name="modules/locale/org-netbeans-modules-editor-mimelookup_pt_BR.jar"/>
        <file crc="2972875506" name="modules/locale/org-netbeans-modules-editor-mimelookup_ru.jar"/>
        <file crc="3203679303" name="modules/locale/org-netbeans-modules-editor-mimelookup_zh_CN.jar"/>
        <file crc="1460175246" name="modules/org-netbeans-modules-editor-mimelookup.jar"/>
    </module_version>
</module>
