<?xml version="1.0" encoding="UTF-8"?>
<module codename="org.openide.util">
    <module_version install_time="1349871462644" last="true" origin="installer" specification_version="8.25.2">
        <file crc="3298874072" name="config/ModuleAutoDeps/org-openide-util.xml"/>
        <file crc="287202801" name="lib/locale/org-openide-util_ja.jar"/>
        <file crc="3990251919" name="lib/locale/org-openide-util_pt_BR.jar"/>
        <file crc="1261864556" name="lib/locale/org-openide-util_ru.jar"/>
        <file crc="2586238917" name="lib/locale/org-openide-util_zh_CN.jar"/>
        <file crc="2612353859" name="lib/org-openide-util.jar"/>
    </module_version>
</module>
