<?xml version="1.0" encoding="UTF-8"?>
<module codename="org.netbeans.modules.javahelp/1">
    <module_version install_time="1349871527705" last="true" origin="installer" specification_version="2.27.1">
        <file crc="3126457443" name="config/Modules/org-netbeans-modules-javahelp.xml"/>
        <file crc="3125108413" name="modules/ext/jhall-2.0_05.jar"/>
        <file crc="3564833788" name="modules/locale/org-netbeans-modules-javahelp_ja.jar"/>
        <file crc="2737418212" name="modules/locale/org-netbeans-modules-javahelp_pt_BR.jar"/>
        <file crc="3322661459" name="modules/locale/org-netbeans-modules-javahelp_ru.jar"/>
        <file crc="2993629198" name="modules/locale/org-netbeans-modules-javahelp_zh_CN.jar"/>
        <file crc="656357474" name="modules/org-netbeans-modules-javahelp.jar"/>
    </module_version>
</module>
