<?xml version="1.0" encoding="UTF-8"?>
<module codename="org.netbeans.modules.applemenu/1">
    <module_version install_time="1349871549317" last="true" origin="installer" specification_version="1.24.1">
        <file crc="2121659589" name="config/Modules/org-netbeans-modules-applemenu.xml"/>
        <file crc="2186171418" name="modules/locale/org-netbeans-modules-applemenu_ja.jar"/>
        <file crc="786132463" name="modules/locale/org-netbeans-modules-applemenu_pt_BR.jar"/>
        <file crc="4153788067" name="modules/locale/org-netbeans-modules-applemenu_ru.jar"/>
        <file crc="197878824" name="modules/locale/org-netbeans-modules-applemenu_zh_CN.jar"/>
        <file crc="3835955468" name="modules/org-netbeans-modules-applemenu.jar"/>
    </module_version>
</module>
