<?xml version="1.0" encoding="UTF-8"?>
<module codename="org.netbeans.modules.editor.completion/1">
    <module_version install_time="1349870937799" last="true" origin="installer" specification_version="1.30.1.1">
        <file crc="1327033579" name="config/Modules/org-netbeans-modules-editor-completion.xml"/>
        <file crc="1246294040" name="modules/locale/org-netbeans-modules-editor-completion_ja.jar"/>
        <file crc="1079248548" name="modules/locale/org-netbeans-modules-editor-completion_pt_BR.jar"/>
        <file crc="86679165" name="modules/locale/org-netbeans-modules-editor-completion_ru.jar"/>
        <file crc="3110597592" name="modules/locale/org-netbeans-modules-editor-completion_zh_CN.jar"/>
        <file crc="2464939136" name="modules/org-netbeans-modules-editor-completion.jar"/>
    </module_version>
</module>
