<?xml version="1.0" encoding="UTF-8"?>
<module codename="org.netbeans.modules.editor.lib/3">
    <module_version install_time="1349870902334" last="true" origin="installer" specification_version="3.24.1.20.32">
        <file crc="868643042" name="config/ModuleAutoDeps/org-netbeans-modules-editor-lib.xml"/>
        <file crc="3017052692" name="config/Modules/org-netbeans-modules-editor-lib.xml"/>
        <file crc="4038218229" name="modules/locale/org-netbeans-modules-editor-lib_ja.jar"/>
        <file crc="4241768902" name="modules/locale/org-netbeans-modules-editor-lib_pt_BR.jar"/>
        <file crc="545074041" name="modules/locale/org-netbeans-modules-editor-lib_ru.jar"/>
        <file crc="2094310494" name="modules/locale/org-netbeans-modules-editor-lib_zh_CN.jar"/>
        <file crc="514175952" name="modules/org-netbeans-modules-editor-lib.jar"/>
    </module_version>
</module>
