<?xml version="1.0" encoding="UTF-8"?>
<module codename="org.netbeans.libs.freemarker/1">
    <module_version install_time="1349870971860" last="true" origin="installer" specification_version="2.19.1.238">
        <file crc="637450760" name="config/Modules/org-netbeans-libs-freemarker.xml"/>
        <file crc="3751833499" name="modules/ext/freemarker-2.3.8.jar"/>
        <file crc="3861674797" name="modules/locale/org-netbeans-libs-freemarker_ja.jar"/>
        <file crc="1897254659" name="modules/locale/org-netbeans-libs-freemarker_pt_BR.jar"/>
        <file crc="2704992829" name="modules/locale/org-netbeans-libs-freemarker_ru.jar"/>
        <file crc="1926407532" name="modules/locale/org-netbeans-libs-freemarker_zh_CN.jar"/>
        <file crc="3098552657" name="modules/org-netbeans-libs-freemarker.jar"/>
    </module_version>
</module>
