<?xml version="1.0" encoding="UTF-8"?>
<module codename="org.netbeans.modules.projectuiapi/1">
    <module_version install_time="1349871125100" last="true" origin="installer" specification_version="1.57.1.8">
        <file crc="1472443289" name="config/ModuleAutoDeps/org-netbeans-modules-projectuiapi.xml"/>
        <file crc="1443847563" name="config/Modules/org-netbeans-modules-projectuiapi.xml"/>
        <file crc="1453179310" name="modules/locale/org-netbeans-modules-projectuiapi_ja.jar"/>
        <file crc="1246929199" name="modules/locale/org-netbeans-modules-projectuiapi_pt_BR.jar"/>
        <file crc="163463548" name="modules/locale/org-netbeans-modules-projectuiapi_ru.jar"/>
        <file crc="3737214494" name="modules/locale/org-netbeans-modules-projectuiapi_zh_CN.jar"/>
        <file crc="976592235" name="modules/org-netbeans-modules-projectuiapi.jar"/>
    </module_version>
</module>
