<?xml version="1.0" encoding="UTF-8"?>
<module codename="org.netbeans.modules.editor.actions/1">
    <module_version install_time="1349871027147" last="true" origin="installer" specification_version="1.15.1.32">
        <file crc="992536293" name="config/Modules/org-netbeans-modules-editor-actions.xml"/>
        <file crc="741793000" name="modules/locale/org-netbeans-modules-editor-actions_ja.jar"/>
        <file crc="610751047" name="modules/locale/org-netbeans-modules-editor-actions_pt_BR.jar"/>
        <file crc="1071692191" name="modules/locale/org-netbeans-modules-editor-actions_ru.jar"/>
        <file crc="1137743924" name="modules/locale/org-netbeans-modules-editor-actions_zh_CN.jar"/>
        <file crc="3676099711" name="modules/org-netbeans-modules-editor-actions.jar"/>
    </module_version>
</module>
