<?xml version="1.0" encoding="UTF-8"?>
<module codename="org.netbeans.modules.refactoring.api">
    <module_version install_time="1349871120610" last="true" origin="installer" specification_version="1.28.2.1">
        <file crc="660297798" name="config/Modules/org-netbeans-modules-refactoring-api.xml"/>
        <file crc="757282790" name="modules/locale/org-netbeans-modules-refactoring-api_ja.jar"/>
        <file crc="381867738" name="modules/locale/org-netbeans-modules-refactoring-api_pt_BR.jar"/>
        <file crc="3008643640" name="modules/locale/org-netbeans-modules-refactoring-api_ru.jar"/>
        <file crc="3363762734" name="modules/locale/org-netbeans-modules-refactoring-api_zh_CN.jar"/>
        <file crc="2140268210" name="modules/org-netbeans-modules-refactoring-api.jar"/>
    </module_version>
</module>
