<?xml version="1.0" encoding="UTF-8"?>
<module codename="org.netbeans.modules.jumpto/1">
    <module_version install_time="1349871048748" last="true" origin="installer" specification_version="1.28.1.1">
        <file crc="771737990" name="config/Modules/org-netbeans-modules-jumpto.xml"/>
        <file crc="2054256754" name="modules/locale/org-netbeans-modules-jumpto_ja.jar"/>
        <file crc="2620289897" name="modules/locale/org-netbeans-modules-jumpto_pt_BR.jar"/>
        <file crc="1297675282" name="modules/locale/org-netbeans-modules-jumpto_ru.jar"/>
        <file crc="862881191" name="modules/locale/org-netbeans-modules-jumpto_zh_CN.jar"/>
        <file crc="1202283081" name="modules/org-netbeans-modules-jumpto.jar"/>
    </module_version>
</module>
