<?xml version="1.0" encoding="UTF-8"?>
<module codename="org.netbeans.modules.web.common">
    <module_version install_time="1349871024183" last="true" origin="installer" specification_version="1.19.1">
        <file crc="842111795" name="config/Modules/org-netbeans-modules-web-common.xml"/>
        <file crc="3871894701" name="modules/locale/org-netbeans-modules-web-common_ja.jar"/>
        <file crc="3875956895" name="modules/locale/org-netbeans-modules-web-common_pt_BR.jar"/>
        <file crc="453720675" name="modules/locale/org-netbeans-modules-web-common_ru.jar"/>
        <file crc="210700529" name="modules/locale/org-netbeans-modules-web-common_zh_CN.jar"/>
        <file crc="76712465" name="modules/org-netbeans-modules-web-common.jar"/>
    </module_version>
</module>
