<?xml version="1.0" encoding="UTF-8"?>
<module codename="org.netbeans.modules.editor.errorstripe/2">
    <module_version install_time="1349871107015" last="true" origin="installer" specification_version="2.21.1.1.1">
        <file crc="2060797385" name="config/Modules/org-netbeans-modules-editor-errorstripe.xml"/>
        <file crc="708576474" name="modules/locale/org-netbeans-modules-editor-errorstripe_ja.jar"/>
        <file crc="677087159" name="modules/locale/org-netbeans-modules-editor-errorstripe_pt_BR.jar"/>
        <file crc="1929504737" name="modules/locale/org-netbeans-modules-editor-errorstripe_ru.jar"/>
        <file crc="1502644010" name="modules/locale/org-netbeans-modules-editor-errorstripe_zh_CN.jar"/>
        <file crc="3588428064" name="modules/org-netbeans-modules-editor-errorstripe.jar"/>
    </module_version>
</module>
