<?xml version="1.0" encoding="UTF-8"?>
<module codename="org.netbeans.modules.parsing.api/1">
    <module_version install_time="1349871001680" last="true" origin="installer" specification_version="1.55.1.6">
        <file crc="3233347998" name="config/Modules/org-netbeans-modules-parsing-api.xml"/>
        <file crc="310449814" name="modules/locale/org-netbeans-modules-parsing-api_ja.jar"/>
        <file crc="13420742" name="modules/locale/org-netbeans-modules-parsing-api_pt_BR.jar"/>
        <file crc="2769674060" name="modules/locale/org-netbeans-modules-parsing-api_ru.jar"/>
        <file crc="1625033388" name="modules/locale/org-netbeans-modules-parsing-api_zh_CN.jar"/>
        <file crc="3052331936" name="modules/org-netbeans-modules-parsing-api.jar"/>
    </module_version>
</module>
