<?xml version="1.0" encoding="UTF-8"?>
<module codename="org.netbeans.modules.lexer/2">
    <module_version install_time="1349870950886" last="true" origin="installer" specification_version="1.46.1.1">
        <file crc="3425354387" name="config/Modules/org-netbeans-modules-lexer.xml"/>
        <file crc="2760141212" name="modules/locale/org-netbeans-modules-lexer_ja.jar"/>
        <file crc="845320901" name="modules/locale/org-netbeans-modules-lexer_pt_BR.jar"/>
        <file crc="1110481672" name="modules/locale/org-netbeans-modules-lexer_ru.jar"/>
        <file crc="628926721" name="modules/locale/org-netbeans-modules-lexer_zh_CN.jar"/>
        <file crc="2617584858" name="modules/org-netbeans-modules-lexer.jar"/>
    </module_version>
</module>
