<?xml version="1.0" encoding="UTF-8"?>
<module codename="org.netbeans.modules.project.indexingbridge">
    <module_version install_time="1349871053076" last="true" origin="installer" specification_version="1.3.1">
        <file crc="3141148986" name="config/Modules/org-netbeans-modules-project-indexingbridge.xml"/>
        <file crc="1411008468" name="modules/locale/org-netbeans-modules-project-indexingbridge_ja.jar"/>
        <file crc="4167899920" name="modules/locale/org-netbeans-modules-project-indexingbridge_pt_BR.jar"/>
        <file crc="2706928117" name="modules/locale/org-netbeans-modules-project-indexingbridge_ru.jar"/>
        <file crc="1156687507" name="modules/locale/org-netbeans-modules-project-indexingbridge_zh_CN.jar"/>
        <file crc="435667933" name="modules/org-netbeans-modules-project-indexingbridge.jar"/>
    </module_version>
</module>
