<?xml version="1.0" encoding="UTF-8"?>
<module codename="org.netbeans.modules.editor.lib2/1">
    <module_version install_time="1349870883901" last="true" origin="installer" specification_version="1.61.1.32">
        <file crc="1027150669" name="config/Modules/org-netbeans-modules-editor-lib2.xml"/>
        <file crc="2862735300" name="modules/locale/org-netbeans-modules-editor-lib2_ja.jar"/>
        <file crc="3892205985" name="modules/locale/org-netbeans-modules-editor-lib2_pt_BR.jar"/>
        <file crc="1163428506" name="modules/locale/org-netbeans-modules-editor-lib2_ru.jar"/>
        <file crc="193084303" name="modules/locale/org-netbeans-modules-editor-lib2_zh_CN.jar"/>
        <file crc="2240803526" name="modules/org-netbeans-modules-editor-lib2.jar"/>
    </module_version>
</module>
