<?xml version="1.0" encoding="UTF-8"?>
<module codename="org.netbeans.modules.editor.macros/0">
    <module_version install_time="1349870888275" last="true" origin="installer" specification_version="1.17.1.1.20">
        <file crc="3196086936" name="config/Modules/org-netbeans-modules-editor-macros.xml"/>
        <file crc="2647666938" name="modules/locale/org-netbeans-modules-editor-macros_ja.jar"/>
        <file crc="3957681102" name="modules/locale/org-netbeans-modules-editor-macros_pt_BR.jar"/>
        <file crc="1312090064" name="modules/locale/org-netbeans-modules-editor-macros_ru.jar"/>
        <file crc="1276511284" name="modules/locale/org-netbeans-modules-editor-macros_zh_CN.jar"/>
        <file crc="1486344495" name="modules/org-netbeans-modules-editor-macros.jar"/>
    </module_version>
</module>
