<?xml version="1.0" encoding="UTF-8"?>
<module codename="org.netbeans.modules.project.ant/1">
    <module_version install_time="1349870939253" last="true" origin="installer" specification_version="1.48.1">
        <file crc="2430310399" name="config/ModuleAutoDeps/org-netbeans-modules-project-ant.xml"/>
        <file crc="3371719528" name="config/Modules/org-netbeans-modules-project-ant.xml"/>
        <file crc="2434264249" name="modules/locale/org-netbeans-modules-project-ant_ja.jar"/>
        <file crc="2429804203" name="modules/locale/org-netbeans-modules-project-ant_pt_BR.jar"/>
        <file crc="4165644600" name="modules/locale/org-netbeans-modules-project-ant_ru.jar"/>
        <file crc="1365468434" name="modules/locale/org-netbeans-modules-project-ant_zh_CN.jar"/>
        <file crc="3188418415" name="modules/org-netbeans-modules-project-ant.jar"/>
    </module_version>
</module>
