<?xml version="1.0" encoding="UTF-8"?>
<module codename="org.netbeans.spi.navigator/1">
    <module_version install_time="1349871061765" last="true" origin="installer" specification_version="1.23.1">
        <file crc="489298949" name="config/Modules/org-netbeans-spi-navigator.xml"/>
        <file crc="1817587856" name="modules/locale/org-netbeans-spi-navigator_ja.jar"/>
        <file crc="1114946634" name="modules/locale/org-netbeans-spi-navigator_pt_BR.jar"/>
        <file crc="3101840463" name="modules/locale/org-netbeans-spi-navigator_ru.jar"/>
        <file crc="3029466898" name="modules/locale/org-netbeans-spi-navigator_zh_CN.jar"/>
        <file crc="2991499582" name="modules/org-netbeans-spi-navigator.jar"/>
    </module_version>
</module>
