<?xml version="1.0" encoding="UTF-8"?>
<module codename="org.netbeans.modules.lexer.nbbridge/1">
    <module_version install_time="1349870924735" last="true" origin="installer" specification_version="1.19.1.1">
        <file crc="1332987720" name="config/Modules/org-netbeans-modules-lexer-nbbridge.xml"/>
        <file crc="3058061276" name="modules/locale/org-netbeans-modules-lexer-nbbridge_ja.jar"/>
        <file crc="2936030481" name="modules/locale/org-netbeans-modules-lexer-nbbridge_pt_BR.jar"/>
        <file crc="3229176119" name="modules/locale/org-netbeans-modules-lexer-nbbridge_ru.jar"/>
        <file crc="3887794064" name="modules/locale/org-netbeans-modules-lexer-nbbridge_zh_CN.jar"/>
        <file crc="238370505" name="modules/org-netbeans-modules-lexer-nbbridge.jar"/>
    </module_version>
</module>
