<?xml version="1.0" encoding="UTF-8"?>
<module codename="org.netbeans.spi.tasklist/1">
    <module_version install_time="1349871064594" last="true" origin="installer" specification_version="1.19.1.1">
        <file crc="1227800962" name="config/Modules/org-netbeans-spi-tasklist.xml"/>
        <file crc="4099580928" name="modules/locale/org-netbeans-spi-tasklist_ja.jar"/>
        <file crc="4036021632" name="modules/locale/org-netbeans-spi-tasklist_pt_BR.jar"/>
        <file crc="1467663199" name="modules/locale/org-netbeans-spi-tasklist_ru.jar"/>
        <file crc="1422699938" name="modules/locale/org-netbeans-spi-tasklist_zh_CN.jar"/>
        <file crc="1605225726" name="modules/org-netbeans-spi-tasklist.jar"/>
    </module_version>
</module>
