<?xml version="1.0" encoding="UTF-8"?>
<module codename="org.netbeans.modules.editor.bracesmatching/0">
    <module_version install_time="1349871058385" last="true" origin="installer" specification_version="1.22.1">
        <file crc="3381231321" name="config/Modules/org-netbeans-modules-editor-bracesmatching.xml"/>
        <file crc="320298746" name="modules/locale/org-netbeans-modules-editor-bracesmatching_ja.jar"/>
        <file crc="2552208098" name="modules/locale/org-netbeans-modules-editor-bracesmatching_pt_BR.jar"/>
        <file crc="3012367774" name="modules/locale/org-netbeans-modules-editor-bracesmatching_ru.jar"/>
        <file crc="2432000920" name="modules/locale/org-netbeans-modules-editor-bracesmatching_zh_CN.jar"/>
        <file crc="135643794" name="modules/org-netbeans-modules-editor-bracesmatching.jar"/>
    </module_version>
</module>
