<?xml version="1.0" encoding="UTF-8"?>
<module codename="org.netbeans.modules.editor.codetemplates/1">
    <module_version install_time="1349870955193" last="true" origin="installer" specification_version="1.26.1.1">
        <file crc="315605031" name="config/Modules/org-netbeans-modules-editor-codetemplates.xml"/>
        <file crc="1522638165" name="modules/locale/org-netbeans-modules-editor-codetemplates_ja.jar"/>
        <file crc="2264743545" name="modules/locale/org-netbeans-modules-editor-codetemplates_pt_BR.jar"/>
        <file crc="21481314" name="modules/locale/org-netbeans-modules-editor-codetemplates_ru.jar"/>
        <file crc="1987223327" name="modules/locale/org-netbeans-modules-editor-codetemplates_zh_CN.jar"/>
        <file crc="310491055" name="modules/org-netbeans-modules-editor-codetemplates.jar"/>
    </module_version>
</module>
