<?xml version="1.0" encoding="UTF-8"?>
<module codename="org.netbeans.modules.utilities/1">
    <module_version install_time="1349870949449" last="true" origin="installer" specification_version="1.44.3">
        <file crc="754223576" name="config/Modules/org-netbeans-modules-utilities.xml"/>
        <file crc="2397996866" name="modules/locale/org-netbeans-modules-utilities_ja.jar"/>
        <file crc="3089763096" name="modules/locale/org-netbeans-modules-utilities_pt_BR.jar"/>
        <file crc="299131087" name="modules/locale/org-netbeans-modules-utilities_ru.jar"/>
        <file crc="2795764696" name="modules/locale/org-netbeans-modules-utilities_zh_CN.jar"/>
        <file crc="3287798375" name="modules/org-netbeans-modules-utilities.jar"/>
    </module_version>
</module>
