<?xml version="1.0" encoding="UTF-8"?>
<module codename="org.netbeans.modules.editor.guards/1">
    <module_version install_time="1349870900780" last="true" origin="installer" specification_version="1.16.1">
        <file crc="591587818" name="config/Modules/org-netbeans-modules-editor-guards.xml"/>
        <file crc="2402817801" name="modules/locale/org-netbeans-modules-editor-guards_ja.jar"/>
        <file crc="1706436479" name="modules/locale/org-netbeans-modules-editor-guards_pt_BR.jar"/>
        <file crc="1535069225" name="modules/locale/org-netbeans-modules-editor-guards_ru.jar"/>
        <file crc="239775621" name="modules/locale/org-netbeans-modules-editor-guards_zh_CN.jar"/>
        <file crc="2698590999" name="modules/org-netbeans-modules-editor-guards.jar"/>
    </module_version>
</module>
