<?xml version="1.0" encoding="UTF-8"?>
<module codename="org.netbeans.spi.editor.hints/0">
    <module_version install_time="1349870879347" last="true" origin="installer" specification_version="1.25.1.7.32">
        <file crc="2723969626" name="config/Modules/org-netbeans-spi-editor-hints.xml"/>
        <file crc="300598526" name="modules/locale/org-netbeans-spi-editor-hints_ja.jar"/>
        <file crc="658991202" name="modules/locale/org-netbeans-spi-editor-hints_pt_BR.jar"/>
        <file crc="3712046803" name="modules/locale/org-netbeans-spi-editor-hints_ru.jar"/>
        <file crc="3642883182" name="modules/locale/org-netbeans-spi-editor-hints_zh_CN.jar"/>
        <file crc="3438158256" name="modules/org-netbeans-spi-editor-hints.jar"/>
    </module_version>
</module>
