<?xml version="1.0" encoding="UTF-8"?>
<module codename="org.netbeans.modules.editor.errorstripe.api/1">
    <module_version install_time="1349870917449" last="true" origin="installer" specification_version="2.20.1.1">
        <file crc="437455388" name="config/Modules/org-netbeans-modules-editor-errorstripe-api.xml"/>
        <file crc="2950137388" name="modules/locale/org-netbeans-modules-editor-errorstripe-api_ja.jar"/>
        <file crc="1339820560" name="modules/locale/org-netbeans-modules-editor-errorstripe-api_pt_BR.jar"/>
        <file crc="4195613671" name="modules/locale/org-netbeans-modules-editor-errorstripe-api_ru.jar"/>
        <file crc="1806099103" name="modules/locale/org-netbeans-modules-editor-errorstripe-api_zh_CN.jar"/>
        <file crc="2870585608" name="modules/org-netbeans-modules-editor-errorstripe-api.jar"/>
    </module_version>
</module>
