<?xml version="1.0" encoding="UTF-8"?>
<module codename="org.netbeans.modules.editor/3">
    <module_version install_time="1349871091130" last="true" origin="installer" specification_version="1.63.1.5.20.32">
        <file crc="3066718341" name="config/ModuleAutoDeps/org-netbeans-modules-editor.xml"/>
        <file crc="2401213403" name="config/Modules/org-netbeans-modules-editor.xml"/>
        <file crc="3407966630" name="modules/locale/org-netbeans-modules-editor_ja.jar"/>
        <file crc="167722846" name="modules/locale/org-netbeans-modules-editor_pt_BR.jar"/>
        <file crc="494031803" name="modules/locale/org-netbeans-modules-editor_ru.jar"/>
        <file crc="2063163739" name="modules/locale/org-netbeans-modules-editor_zh_CN.jar"/>
        <file crc="2372539132" name="modules/org-netbeans-modules-editor.jar"/>
    </module_version>
</module>
