<?xml version="1.0" encoding="UTF-8"?>
<module codename="org.netbeans.modules.editor.fold/1">
    <module_version install_time="1349870914492" last="true" origin="installer" specification_version="1.29.2.32">
        <file crc="1352432432" name="config/Modules/org-netbeans-modules-editor-fold.xml"/>
        <file crc="1843470413" name="modules/locale/org-netbeans-modules-editor-fold_ja.jar"/>
        <file crc="800277369" name="modules/locale/org-netbeans-modules-editor-fold_pt_BR.jar"/>
        <file crc="2693961618" name="modules/locale/org-netbeans-modules-editor-fold_ru.jar"/>
        <file crc="234128353" name="modules/locale/org-netbeans-modules-editor-fold_zh_CN.jar"/>
        <file crc="4101318231" name="modules/org-netbeans-modules-editor-fold.jar"/>
    </module_version>
</module>
