<?xml version="1.0" encoding="UTF-8"?>
<module codename="org.netbeans.modules.editor.indent.project/0">
    <module_version install_time="1349870991345" last="true" origin="installer" specification_version="1.9.1">
        <file crc="1994075921" name="config/Modules/org-netbeans-modules-editor-indent-project.xml"/>
        <file crc="741055009" name="modules/locale/org-netbeans-modules-editor-indent-project_ja.jar"/>
        <file crc="2708427460" name="modules/locale/org-netbeans-modules-editor-indent-project_pt_BR.jar"/>
        <file crc="979006876" name="modules/locale/org-netbeans-modules-editor-indent-project_ru.jar"/>
        <file crc="4064744881" name="modules/locale/org-netbeans-modules-editor-indent-project_zh_CN.jar"/>
        <file crc="1642879829" name="modules/org-netbeans-modules-editor-indent-project.jar"/>
    </module_version>
</module>
