<?xml version="1.0" encoding="UTF-8"?>
<module codename="org.netbeans.modules.editor.search">
    <module_version install_time="1349871145827" last="true" origin="installer" specification_version="1.4.1.0.32">
        <file crc="4056457626" name="config/Modules/org-netbeans-modules-editor-search.xml"/>
        <file crc="1047359312" name="modules/locale/org-netbeans-modules-editor-search_ja.jar"/>
        <file crc="2540559534" name="modules/locale/org-netbeans-modules-editor-search_pt_BR.jar"/>
        <file crc="1513506263" name="modules/locale/org-netbeans-modules-editor-search_ru.jar"/>
        <file crc="2170325929" name="modules/locale/org-netbeans-modules-editor-search_zh_CN.jar"/>
        <file crc="2002543118" name="modules/org-netbeans-modules-editor-search.jar"/>
    </module_version>
</module>
