<?xml version="1.0" encoding="UTF-8"?>
<module codename="org.netbeans.api.xml/1">
    <module_version install_time="1349870974739" last="true" origin="installer" specification_version="1.30.1">
        <file crc="377157071" name="config/Modules/org-netbeans-api-xml.xml"/>
        <file crc="1952860448" name="modules/locale/org-netbeans-api-xml_ja.jar"/>
        <file crc="1137622837" name="modules/locale/org-netbeans-api-xml_pt_BR.jar"/>
        <file crc="1286758142" name="modules/locale/org-netbeans-api-xml_ru.jar"/>
        <file crc="3849312091" name="modules/locale/org-netbeans-api-xml_zh_CN.jar"/>
        <file crc="3611012240" name="modules/org-netbeans-api-xml.jar"/>
    </module_version>
</module>
