<?xml version="1.0" encoding="UTF-8"?>
<module codename="org.netbeans.modules.xml.catalog/2">
    <module_version install_time="1349870953761" last="true" origin="installer" specification_version="1.28.1.4">
        <file crc="4257896318" name="config/Modules/org-netbeans-modules-xml-catalog.xml"/>
        <file crc="534474302" name="modules/locale/org-netbeans-modules-xml-catalog_ja.jar"/>
        <file crc="820096250" name="modules/locale/org-netbeans-modules-xml-catalog_pt_BR.jar"/>
        <file crc="3572993669" name="modules/locale/org-netbeans-modules-xml-catalog_ru.jar"/>
        <file crc="1844261583" name="modules/locale/org-netbeans-modules-xml-catalog_zh_CN.jar"/>
        <file crc="1921598305" name="modules/org-netbeans-modules-xml-catalog.jar"/>
    </module_version>
</module>
