<?xml version="1.0" encoding="UTF-8"?>
<module codename="org.netbeans.libs.antlr3.runtime">
    <module_version install_time="1349870892639" last="true" origin="installer" specification_version="1.9.1.1">
        <file crc="455280824" name="config/Modules/org-netbeans-libs-antlr3-runtime.xml"/>
        <file crc="2115307337" name="modules/ext/antlr-runtime-3.3.jar"/>
        <file crc="1826394941" name="modules/locale/org-netbeans-libs-antlr3-runtime_ja.jar"/>
        <file crc="1012877076" name="modules/locale/org-netbeans-libs-antlr3-runtime_pt_BR.jar"/>
        <file crc="3197499453" name="modules/locale/org-netbeans-libs-antlr3-runtime_ru.jar"/>
        <file crc="685466740" name="modules/locale/org-netbeans-libs-antlr3-runtime_zh_CN.jar"/>
        <file crc="2262911398" name="modules/org-netbeans-libs-antlr3-runtime.jar"/>
    </module_version>
</module>
