<?xml version="1.0" encoding="UTF-8"?>
<module codename="org.netbeans.modules.parsing.lucene/2">
    <module_version install_time="1349871012147" last="true" origin="installer" specification_version="2.13.1">
        <file crc="3780388565" name="config/Modules/org-netbeans-modules-parsing-lucene.xml"/>
        <file crc="1135513595" name="modules/locale/org-netbeans-modules-parsing-lucene_ja.jar"/>
        <file crc="1119918725" name="modules/locale/org-netbeans-modules-parsing-lucene_pt_BR.jar"/>
        <file crc="316231742" name="modules/locale/org-netbeans-modules-parsing-lucene_ru.jar"/>
        <file crc="4228854507" name="modules/locale/org-netbeans-modules-parsing-lucene_zh_CN.jar"/>
        <file crc="2793937510" name="modules/org-netbeans-modules-parsing-lucene.jar"/>
    </module_version>
</module>
