<?xml version="1.0" encoding="UTF-8"?>
<module codename="org.netbeans.modules.csl.api/2">
    <module_version install_time="1349871136916" last="true" origin="installer" specification_version="2.28.2.2.1.1.6">
        <file crc="2308193102" name="config/Modules/org-netbeans-modules-csl-api.xml"/>
        <file crc="1705185388" name="modules/locale/org-netbeans-modules-csl-api_ja.jar"/>
        <file crc="3577023773" name="modules/locale/org-netbeans-modules-csl-api_pt_BR.jar"/>
        <file crc="1874625425" name="modules/locale/org-netbeans-modules-csl-api_ru.jar"/>
        <file crc="2149971955" name="modules/locale/org-netbeans-modules-csl-api_zh_CN.jar"/>
        <file crc="591285005" name="modules/org-netbeans-modules-csl-api.jar"/>
    </module_version>
</module>
