<?xml version="1.0" encoding="UTF-8"?>
<module codename="org.netbeans.modules.diff/1">
    <module_version install_time="1349870880827" last="true" origin="installer" specification_version="1.37.1.42.1">
        <file crc="4024982772" name="config/Modules/org-netbeans-modules-diff.xml"/>
        <file crc="82615918" name="modules/locale/org-netbeans-modules-diff_ja.jar"/>
        <file crc="3848970243" name="modules/locale/org-netbeans-modules-diff_pt_BR.jar"/>
        <file crc="3669108354" name="modules/locale/org-netbeans-modules-diff_ru.jar"/>
        <file crc="2842232954" name="modules/locale/org-netbeans-modules-diff_zh_CN.jar"/>
        <file crc="583189172" name="modules/org-netbeans-modules-diff.jar"/>
    </module_version>
</module>
