<?xml version="1.0" encoding="UTF-8"?>
<module codename="org.mozilla.rhino.patched/1">
    <module_version install_time="1349871009285" last="true" origin="installer" specification_version="1.117.1">
        <file crc="977737551" name="config/Modules/org-mozilla-rhino-patched.xml"/>
        <file crc="1003303380" name="modules/locale/org-mozilla-rhino-patched_ja.jar"/>
        <file crc="557789653" name="modules/locale/org-mozilla-rhino-patched_pt_BR.jar"/>
        <file crc="1934712208" name="modules/locale/org-mozilla-rhino-patched_ru.jar"/>
        <file crc="2089250532" name="modules/locale/org-mozilla-rhino-patched_zh_CN.jar"/>
        <file crc="3347838409" name="modules/org-mozilla-rhino-patched.jar"/>
    </module_version>
</module>
