<?xml version="1.0" encoding="UTF-8"?>
<module codename="org.netbeans.modules.web.indent">
    <module_version install_time="1349871104139" last="true" origin="installer" specification_version="1.4.1">
        <file crc="3344998336" name="config/Modules/org-netbeans-modules-web-indent.xml"/>
        <file crc="68023565" name="modules/locale/org-netbeans-modules-web-indent_ja.jar"/>
        <file crc="3109162832" name="modules/locale/org-netbeans-modules-web-indent_pt_BR.jar"/>
        <file crc="3078268129" name="modules/locale/org-netbeans-modules-web-indent_ru.jar"/>
        <file crc="1960786071" name="modules/locale/org-netbeans-modules-web-indent_zh_CN.jar"/>
        <file crc="4273021247" name="modules/org-netbeans-modules-web-indent.jar"/>
    </module_version>
</module>
