<?xml version="1.0" encoding="UTF-8"?>
<module codename="org.netbeans.libs.xerces/1">
    <module_version install_time="1349871056843" last="true" origin="installer" specification_version="1.26.1.280">
        <file crc="1807597417" name="config/Modules/org-netbeans-libs-xerces.xml"/>
        <file crc="1633273124" name="modules/ext/xerces-2.8.0.jar"/>
        <file crc="2633740997" name="modules/locale/org-netbeans-libs-xerces_ja.jar"/>
        <file crc="3639659710" name="modules/locale/org-netbeans-libs-xerces_pt_BR.jar"/>
        <file crc="1079739444" name="modules/locale/org-netbeans-libs-xerces_ru.jar"/>
        <file crc="2939099084" name="modules/locale/org-netbeans-libs-xerces_zh_CN.jar"/>
        <file crc="668856960" name="modules/org-netbeans-libs-xerces.jar"/>
    </module_version>
</module>
