<?xml version="1.0" encoding="UTF-8"?>
<module codename="org.netbeans.core.ide/1">
    <module_version install_time="1349870909984" last="true" origin="installer" specification_version="1.28.1">
        <file crc="577140527" name="config/Modules/org-netbeans-core-ide.xml"/>
        <file crc="1411703501" name="modules/locale/org-netbeans-core-ide_ja.jar"/>
        <file crc="2877066285" name="modules/locale/org-netbeans-core-ide_pt_BR.jar"/>
        <file crc="795060591" name="modules/locale/org-netbeans-core-ide_ru.jar"/>
        <file crc="3891534297" name="modules/locale/org-netbeans-core-ide_zh_CN.jar"/>
        <file crc="1961081704" name="modules/org-netbeans-core-ide.jar"/>
    </module_version>
</module>
