<?xml version="1.0" encoding="UTF-8"?>
<module codename="org.netbeans.api.java.classpath/1">
    <module_version install_time="1349870934940" last="true" origin="installer" specification_version="1.33.1">
        <file crc="4102554259" name="config/Modules/org-netbeans-api-java-classpath.xml"/>
        <file crc="1448399412" name="modules/locale/org-netbeans-api-java-classpath_ja.jar"/>
        <file crc="187514670" name="modules/locale/org-netbeans-api-java-classpath_pt_BR.jar"/>
        <file crc="3421612619" name="modules/locale/org-netbeans-api-java-classpath_ru.jar"/>
        <file crc="3627449059" name="modules/locale/org-netbeans-api-java-classpath_zh_CN.jar"/>
        <file crc="4281119405" name="modules/org-netbeans-api-java-classpath.jar"/>
    </module_version>
</module>
