<?xml version="1.0" encoding="UTF-8"?>
<module codename="org.netbeans.modules.editor.plain/2">
    <module_version install_time="1349870948039" last="true" origin="installer" specification_version="1.22.1">
        <file crc="977811071" name="config/Modules/org-netbeans-modules-editor-plain.xml"/>
        <file crc="487500499" name="modules/locale/org-netbeans-modules-editor-plain_ja.jar"/>
        <file crc="436997010" name="modules/locale/org-netbeans-modules-editor-plain_pt_BR.jar"/>
        <file crc="4103917354" name="modules/locale/org-netbeans-modules-editor-plain_ru.jar"/>
        <file crc="2509778147" name="modules/locale/org-netbeans-modules-editor-plain_zh_CN.jar"/>
        <file crc="572914137" name="modules/org-netbeans-modules-editor-plain.jar"/>
    </module_version>
</module>
