<?xml version="1.0" encoding="UTF-8"?>
<module codename="org.netbeans.modules.editor.indent/2">
    <module_version install_time="1349870945174" last="true" origin="installer" specification_version="1.28.1">
        <file crc="915460559" name="config/Modules/org-netbeans-modules-editor-indent.xml"/>
        <file crc="1577210910" name="modules/locale/org-netbeans-modules-editor-indent_ja.jar"/>
        <file crc="3219319375" name="modules/locale/org-netbeans-modules-editor-indent_pt_BR.jar"/>
        <file crc="1001635667" name="modules/locale/org-netbeans-modules-editor-indent_ru.jar"/>
        <file crc="403658145" name="modules/locale/org-netbeans-modules-editor-indent_zh_CN.jar"/>
        <file crc="1431904914" name="modules/org-netbeans-modules-editor-indent.jar"/>
    </module_version>
</module>
