<?xml version="1.0" encoding="UTF-8"?>
<module codename="org.netbeans.modules.gototest/1">
    <module_version install_time="1349871130940" last="true" origin="installer" specification_version="1.18.1">
        <file crc="1907751588" name="config/Modules/org-netbeans-modules-gototest.xml"/>
        <file crc="3439367127" name="modules/locale/org-netbeans-modules-gototest_ja.jar"/>
        <file crc="1767083408" name="modules/locale/org-netbeans-modules-gototest_pt_BR.jar"/>
        <file crc="4055233149" name="modules/locale/org-netbeans-modules-gototest_ru.jar"/>
        <file crc="3714807285" name="modules/locale/org-netbeans-modules-gototest_zh_CN.jar"/>
        <file crc="1119596797" name="modules/org-netbeans-modules-gototest.jar"/>
    </module_version>
</module>
