<?xml version="1.0" encoding="UTF-8"?>
<module codename="org.netbeans.modules.editor.bookmarks/1">
    <module_version install_time="1349871035435" last="true" origin="installer" specification_version="1.23.1">
        <file crc="3233569121" name="config/Modules/org-netbeans-modules-editor-bookmarks.xml"/>
        <file crc="140101099" name="modules/locale/org-netbeans-modules-editor-bookmarks_ja.jar"/>
        <file crc="2387568345" name="modules/locale/org-netbeans-modules-editor-bookmarks_pt_BR.jar"/>
        <file crc="3225928775" name="modules/locale/org-netbeans-modules-editor-bookmarks_ru.jar"/>
        <file crc="2963781131" name="modules/locale/org-netbeans-modules-editor-bookmarks_zh_CN.jar"/>
        <file crc="92313142" name="modules/org-netbeans-modules-editor-bookmarks.jar"/>
    </module_version>
</module>
