<?xml version="1.0" encoding="UTF-8"?>
<module codename="org.netbeans.modules.editor.settings.storage/1">
    <module_version install_time="1349871041233" last="true" origin="installer" specification_version="1.33.1">
        <file crc="417708896" name="config/Modules/org-netbeans-modules-editor-settings-storage.xml"/>
        <file crc="2339443392" name="modules/locale/org-netbeans-modules-editor-settings-storage_ja.jar"/>
        <file crc="3591264494" name="modules/locale/org-netbeans-modules-editor-settings-storage_pt_BR.jar"/>
        <file crc="2044602084" name="modules/locale/org-netbeans-modules-editor-settings-storage_ru.jar"/>
        <file crc="3577281665" name="modules/locale/org-netbeans-modules-editor-settings-storage_zh_CN.jar"/>
        <file crc="2325849977" name="modules/org-netbeans-modules-editor-settings-storage.jar"/>
    </module_version>
</module>
