<?xml version="1.0" encoding="UTF-8"?>
<module codename="org.netbeans.modules.editor.util/1">
    <module_version install_time="1349871074962" last="true" origin="installer" specification_version="1.47.1">
        <file crc="1365010955" name="config/Modules/org-netbeans-modules-editor-util.xml"/>
        <file crc="3572295157" name="modules/locale/org-netbeans-modules-editor-util_ja.jar"/>
        <file crc="601264069" name="modules/locale/org-netbeans-modules-editor-util_pt_BR.jar"/>
        <file crc="2440057905" name="modules/locale/org-netbeans-modules-editor-util_ru.jar"/>
        <file crc="871415038" name="modules/locale/org-netbeans-modules-editor-util_zh_CN.jar"/>
        <file crc="363872042" name="modules/org-netbeans-modules-editor-util.jar"/>
    </module_version>
</module>
