<?xml version="1.0" encoding="UTF-8"?>
<module codename="org.netbeans.modules.editor.settings/1">
    <module_version install_time="1349870916016" last="true" origin="installer" specification_version="1.41.1">
        <file crc="561761059" name="config/Modules/org-netbeans-modules-editor-settings.xml"/>
        <file crc="3876845984" name="modules/locale/org-netbeans-modules-editor-settings_ja.jar"/>
        <file crc="3264910631" name="modules/locale/org-netbeans-modules-editor-settings_pt_BR.jar"/>
        <file crc="4000965344" name="modules/locale/org-netbeans-modules-editor-settings_ru.jar"/>
        <file crc="1125706179" name="modules/locale/org-netbeans-modules-editor-settings_zh_CN.jar"/>
        <file crc="1051970773" name="modules/org-netbeans-modules-editor-settings.jar"/>
    </module_version>
</module>
