<?xml version="1.0" encoding="UTF-8"?>
<module codename="org.netbeans.modules.editor.deprecated.pre65formatting/0">
    <module_version install_time="1349870973320" last="true" origin="installer" specification_version="1.8.1.1.5.20.32">
        <file crc="1017076465" name="config/Modules/org-netbeans-modules-editor-deprecated-pre65formatting.xml"/>
        <file crc="3312720762" name="modules/locale/org-netbeans-modules-editor-deprecated-pre65formatting_ja.jar"/>
        <file crc="3201378032" name="modules/locale/org-netbeans-modules-editor-deprecated-pre65formatting_pt_BR.jar"/>
        <file crc="474563043" name="modules/locale/org-netbeans-modules-editor-deprecated-pre65formatting_ru.jar"/>
        <file crc="669656042" name="modules/locale/org-netbeans-modules-editor-deprecated-pre65formatting_zh_CN.jar"/>
        <file crc="4101780304" name="modules/org-netbeans-modules-editor-deprecated-pre65formatting.jar"/>
    </module_version>
</module>
