<?xml version="1.0" encoding="UTF-8"?>
<module codename="org.netbeans.modules.editor.plain.lib/1">
    <module_version install_time="1349870956599" last="true" origin="installer" specification_version="1.21.1">
        <file crc="387640368" name="config/Modules/org-netbeans-modules-editor-plain-lib.xml"/>
        <file crc="2934584665" name="modules/locale/org-netbeans-modules-editor-plain-lib_ja.jar"/>
        <file crc="3350106935" name="modules/locale/org-netbeans-modules-editor-plain-lib_pt_BR.jar"/>
        <file crc="594543700" name="modules/locale/org-netbeans-modules-editor-plain-lib_ru.jar"/>
        <file crc="1475829060" name="modules/locale/org-netbeans-modules-editor-plain-lib_zh_CN.jar"/>
        <file crc="1876899859" name="modules/org-netbeans-modules-editor-plain-lib.jar"/>
    </module_version>
</module>
