<?xml version="1.0" encoding="UTF-8"?><module codename="com.rapture.internalapi">
    <module_version install_time="1363027024445" last="true" origin="installer" specification_version="1.0">
        <file crc="2952378645" name="config/Modules/com-rapture-internalapi.xml"/>
        <file crc="2441813255" name="modules/com-rapture-internalapi.jar"/>
        <file crc="117906562" name="modules/ext/RaptureAPI-1.0.0-RC10.jar"/>
        <file crc="3221229486" name="modules/ext/RaptureAPI-1.0.0-RC11.jar"/>
        <file crc="4246043880" name="modules/ext/RaptureAPI-1.0.0-RC8.jar"/>
        <file crc="2263456093" name="modules/ext/RaptureAPI-1.0.0-RC9.jar"/>
        <file crc="162808947" name="modules/ext/RaptureCommon-1.0.0-RC10.jar"/>
        <file crc="960696891" name="modules/ext/RaptureCommon-1.0.0-RC11.jar"/>
        <file crc="1652873010" name="modules/ext/RaptureCommon-1.0.0-RC9.jar"/>
        <file crc="1277217186" name="modules/ext/commons-beanutils-1.8.3.jar"/>
        <file crc="919992673" name="modules/ext/commons-cli-1.2.jar"/>
        <file crc="1389511016" name="modules/ext/commons-codec-1.6.jar"/>
        <file crc="28241745" name="modules/ext/commons-collections-3.2.1.jar"/>
        <file crc="4101393403" name="modules/ext/commons-io-2.3.jar"/>
        <file crc="1049092013" name="modules/ext/commons-lang-2.6.jar"/>
        <file crc="3077296198" name="modules/ext/commons-logging-1.1.1.jar"/>
        <file crc="4147428412" name="modules/ext/commons-logging-api-1.1.jar"/>
        <file crc="2367330794" name="modules/ext/commons-math-2.1.jar"/>
        <file crc="2790457459" name="modules/ext/commons-math3-3.0.jar"/>
        <file crc="1987215567" name="modules/ext/commons-net-3.1.jar"/>
        <file crc="945342126" name="modules/ext/commons-pool-1.5.5.jar"/>
        <file crc="3452559338" name="modules/ext/httpclient-4.2.2.jar"/>
        <file crc="2530151745" name="modules/ext/httpcore-4.2.2.jar"/>
        <file crc="927619006" name="modules/ext/httpcore-nio-4.2.2.jar"/>
        <file crc="1020388001" name="modules/ext/httpmime-4.2.2.jar"/>
        <file crc="66132706" name="modules/ext/jackson-core-asl-1.9.2.jar"/>
        <file crc="3909926384" name="modules/ext/jackson-mapper-asl-1.9.2.jar"/>
        <file crc="3259133638" name="modules/ext/jcl-over-slf4j-1.6.1.jar"/>
        <file crc="972798868" name="modules/ext/log4j-1.2.16.jar"/>
        <file crc="3925659035" name="modules/ext/log4j-over-slf4j-1.5.11.jar"/>
        <file crc="3635216244" name="modules/ext/logback-classic-0.9.17.jar"/>
        <file crc="521117528" name="modules/ext/logback-core-0.9.17.jar"/>
        <file crc="446027275" name="modules/ext/slf4j-api-1.6.1.jar"/>
        <file crc="125743501" name="modules/ext/slf4j-log4j12-1.6.1.jar"/>
    </module_version>
</module>
