<?xml version="1.0" encoding="UTF-8"?><module codename="com.rapture.reflex">
    <module_version install_time="1363027029769" last="true" origin="installer" specification_version="1.0">
        <file crc="1568487504" name="config/Modules/com-rapture-reflex.xml"/>
        <file crc="74170292" name="modules/com-rapture-reflex.jar"/>
        <file crc="975027538" name="modules/ext/Reflex-1.0.0-RC11.jar"/>
        <file crc="914671301" name="modules/ext/antlr-2.7.7.jar"/>
        <file crc="2707643541" name="modules/ext/antlr-3.3.jar"/>
        <file crc="295502377" name="modules/ext/antlr-runtime-3.4.jar"/>
        <file crc="1277217186" name="modules/ext/commons-beanutils-1.8.3.jar"/>
        <file crc="66132706" name="modules/ext/jackson-core-asl-1.9.2.jar"/>
        <file crc="3909926384" name="modules/ext/jackson-mapper-asl-1.9.2.jar"/>
        <file crc="289528909" name="modules/ext/stringtemplate-4.0.2.jar"/>
    </module_version>
</module>
